email, senha
0.1359558043291959@mail.com,user123
0.5529709165936146@mail.com,user123
0.38989567097546596@mail.com,user123
0.741306045306316@mail.com,user123
0.5603372517752047@mail.com,user123 
0.4942422744035237@mail.com,ser123
0.21556181379653994@mail.com,user123
0.26656954278875117@mail.com,user123
0.8972607638844625@mail.com,user123
0.6020740738920939@mail.com,user123
0.18240372231921986@mail.com,user123
0.30296201510020154@mail.com,user123
0.5119821058002989@mail.com,user123
0.4951033735259895@mail.com,user123
0.9399742994261924@mail.com,user123
0.9892715603177252@mail.com,user123
0.38271585337785824@mail.com,user123
0.31742952621591064@mail.com,user123
0.9495251550689733@mail.com,user123
0.6619090052122331@mail.com,user123
0.868886995687286@mail.com,user123